RECEPTOR_LIGAND,pIC50,     ESTAT,    HB,    VDW,    DSOLV
    3pm0_ab_1_BC,6.61978875828839,-0.0605,-1.2707,-12.5334,3.2176
    3pm0_ab_4_BC,4.69897000433602,-0.0482,-0.5903,-8.6868,1.5751
    3pm0_ab_5_BC,6.60205999132796,-0.3955,-1.0635,-12.5881,1.7955
    3pm0_ab_6_BC,6.92081875395238,-0.1713,-0.6,-12.3158,1.2083
    3pm0_ab_7_BC,7.15490195998574,-0.0624,-0.5607,-12.482,1.4207
    3pm0_ab_8_BC,6.30102999566398,-0.0453,-1.1055,-13.1453,2.0786
    3pm0_ab_9_BC,6.52287874528034,-0.0228,-0.0005,-13.0755,1.9534
    3pm0_ab_10_BC,6.2518119729938,-0.0298,-1.0748,-12.954,2.0329
    3pm0_ab_12_BC,6.50863830616573,-0.0517,-1.1159,-12.0734,2.0072
    3pm0_ab_13_BC,6.39794000867204,-0.321,-0.9191,-11.8205,1.5699
    3pm0_ab_14_BC,7.34678748622466,-0.0756,-1.1145,-11.0458,1.142
    3pm0_ab_15_BC,5.39794000867204,-0.0929,-0.0007,-12.1119,1.0188
    3pm0_ab_16_BC,5.39794000867204,0.4047,-0.5734,-12.3013,1.0921
    3pm0_ab_17_BC,5.39794000867204,-0.0798,-1.337,-9.2744,2.2508
    3pm0_ab_18_BC,5.39794000867204,-0.0961,-1.3425,-9.0472,2.3442
    3pm0_ab_19_BC,5.39794000867204,-0.721,-1.2364,-9.5791,2.7783
    3pm0_ab_20_BC,5.39794000867204,-0.6423,-0.9877,-9.5903,3.0086
    3pm0_ab_21_BC,5.39794000867204,-0.5412,-0.5817,-10.0125,2.0406
    3pm0_ab_22_BC,7.25963731050576,-0.085,-1.2586,-9.9051,2.1421
    3pm0_ab_23_BC,6.69897000433602,-0.1437,-1.9184,-9.2954,2.2737
    3pm0_ab_29_BC,7.82390874094432,0.0232,-0.0003,-13.2018,1.0247
    3pm0_ab_30_BC,6,-0.3168,-1.8358,-10.5445,2.8115
    3pm0_ab_32_BC,5.39794000867204,-0.0195,-0.0436,-11.2007,1.7656
    3pm0_ab_33_BC,5.39794000867204,-0.104,-0.0916,-11.5455,2.2966
    3pm0_ab_34_BC,5.52287874528034,-0.1259,-1.0514,-18.5727,6.0966
    3pm0_ab_36_BC,6.58502665202918,-0.0715,-1.3038,-11.9608,2.5348
    3pm0_ab_37_BC,6.61978875828839,-0.049,-1.3408,-12.2374,2.7748
    3pm0_ab_38_BC,6.95860731484177,-0.1286,-1.5102,-11.8717,2.8054
    3pm0_ab_39_BC,4.58502665202918,-0.3739,-1.0673,-12.0151,2.7225
    3pm0_ab_40_BC,5.43179827593301,-0.3778,-1.5429,-11.7838,2.794
    3pm0_ab_41_BC,5.95860731484177,-0.3593,-1.1607,-12.195,2.7623
    3pm0_ab_42_BC,4.72124639904717,0.0038,-1.5093,-13.0334,3.1399
    3pm0_ab_44_BC,5.36653154442041,0.0119,-0.3078,-9.0826,1.1657
    3pm0_ab_46_BC,4.92081875395238,-0.0292,-1.1655,-10.3159,0.5725
    3pm0_ab_47_BC,5.92081875395238,0.0006,-0.0001,-10.6553,0.9017
    3pm0_ab_48_BC,4.92081875395238,-0.0285,-0.0002,-12.1417,0.5982
    3pm0_ab_49_BC,5.10790539730952,-0.0731,-0.0003,-12.4217,1.3962
    3pm0_ab_50_BC,5.67778070526608,-0.0337,-0.5243,-9.1749,1.1788
    3pm0_ab_51_BC,5.2839966563652,0.0067,-0.5638,-9.994,1.111
    3pm0_ab_52_BC,7.69897000433602,-0.3726,-2.2043,-11.7886,3.2126
    3pm0_ab_53_BC,7.60205999132796,-0.1235,-1.4085,-12.6132,3.3038
    3pm0_ab_54_BC,5.77494930386195,-0.1977,-0.4466,-9.5524,1.6994
    3pm0_ab_55_BC,5.98970004336019,-0.246,-0.6047,-12.2493,2.8026
    3pm0_ab_56_BC,8.30102999566398,0.0843,-0.004,-16.1031,3.2186
    3pm0_ab_57_BC,8.45593195564972,0.0138,-0.0037,-16.6297,3.215
    3pm0_ab_60_BC,8.63827216398241,0.0939,-0.0034,-16.0608,3.0974
    3pm0_ab_61_BC,8.92081875395238,0.0387,-0.0031,-16.2887,3.4163
    3pm0_ab_62_BC,8.52287874528034,0.0815,-0.0035,-16.3756,3.4364
    3pm0_ab_63_BC,8.09691001300806,0.0729,-0.0034,-16.4011,3.4592
    3pm0_ab_64_BC,8.79588001734408,-0.1372,-0.3325,-15.8791,3.5331
    3pm0_ab_65_BC,8.04575749056068,-0.0178,-0.0182,-15.7041,2.9313
    3pm0_ab_66_BC,8.95860731484177,0.1333,-0.0032,-16.2685,2.7285
    3pm0_ab_67_BC,8.60205999132796,-0.031,-0.0212,-16.9924,3.4725
    3pm0_ab_93_BC,4.92081875395238,-0.0516,-0.8249,-14.2521,1.9414
    3pm0_ab_94_BC,5.1249387366083,-0.0653,-0.6608,-16.5219,2.7265
    3pm0_ab_95_BC,4.75202673363819,-0.0755,-0.5723,-15.5841,1.6729
    3pm0_ab_96_BC,4.57511836336893,-0.0452,-1.0529,-13.6122,1.9867
    3pm0_ab_97_BC,5.88605664769316,-0.0795,-0.6058,-11.5764,1.9704
    3pm0_ab_98_BC,5.50863830616573,-0.0658,-1.0698,-11.5183,2.4409
    3pm0_ab_99_BC,4.41793663708829,-0.0295,-1.0738,-9.8712,2.672
    3pm0_ab_100_BC,5.02227639471115,-0.235,-3.9817,-20.1653,7.1859
    3pm0_ab_101_BC,4.49894073778225,0.0106,-0.5256,-11.6351,2.1575
    3pm0_ab_129_BC,6.88140463477624,0.0225,-0.0024,-12.9508,1.4483
    3pm0_ab_130_BC,7.69464863055338,-0.0088,-0.6095,-15.542,2.5005
    3pm0_ab_131_BC,6.85604888357604,0.0261,-0.0024,-13.1906,1.7575
    3pm0_ab_132_BC,7.00612308505879,0.1285,-0.0069,-13.0986,1.6243
    3pm0_ab_133_BC,6.58569531187167,-0.1225,-0.374,-13.19,1.9849
    3pm0_ab_134_BC,6.51927462101151,-0.0667,-1.0433,-16.1473,3.1486
    3pm0_ab_135_BC,6.78781239559604,-0.029,-0.4292,-7.9838,1.217
    3pm0_ab_136_BC,7.74472749489669,-0.016,-0.5544,-11.1859,2.4745
    3pm0_ab_137_BC,8.69897000433602,-0.0246,-0.5233,-9.7572,2.2971
    3pm0_ab_138_BC,6.39794000867204,-0.0855,-1.0141,-9.7916,2.9202
    3pm0_ab_139_BC,8.15490195998574,-0.0145,-0.0001,-9.279,1.0788
    3pm0_ab_140_BC,6.92081875395238,-1.0901,-2.5788,-5.4795,2.7629
    3pm0_ab_141_BC,9.69897000433602,0.0462,-0.0023,-15.3459,2.5327
    3pm0_ab_142_BC,7.30102999566398,0.1718,-0.0416,-15.5683,2.4422
    3pm0_ab_143_BC,7.30102999566398,0.0391,-0.0033,-15.9421,3.0671
    3pm0_ab_144_BC,7.30102999566398,0.2249,-0.0441,-16.1464,2.9881
    3pm0_ab_145_BC,5.05060999335509,0.0269,-0.0038,-16.5383,3.1045
    3pm0_ab_146_BC,7.3767507096021,0.6304,-0.0542,-17.109,3.9148
    3pm0_ab_147_BC,8,0.2632,-0.0548,-17.8177,3.4001
    3pm0_ab_148_BC,6,0.1919,-0.0457,-16.5034,2.353
    3pm0_ab_149_BC,5.17392519729917,-0.012,-0.1406,-17.0789,2.513
    3pm0_ab_150_BC,8,0.1406,-0.5592,-17.3463,3.0899
    3pm0_ab_151_BC,5.1249387366083,-0.0008,-0.0037,-16.3937,3.0404
    3pm0_ab_152_BC,7.49485002168009,-0.0745,-0.0029,-16.8233,3.8312
    3pm0_ab_153_BC,7.4089353929735,0.1339,-0.1646,-16.9159,4.007
    3pm0_ab_154_BC,5.05060999335509,0.3329,-0.0472,-17.0594,3.9746
    3pm0_ab_155_BC,5.22914798835786,0.3229,-0.0575,-17.9147,3.9283
    3pm0_ab_156_BC,6.09691001300806,0.0069,-0.0027,-16.8016,3.7056
    3pm0_ab_157_BC,5.33724216831843,-0.1758,-0.362,-14.4993,2.9868
    3pm0_ab_158_BC,6.15490195998574,-0.211,-0.4036,-16.8073,3.2844
    3pm0_ab_159_BC,7.67778070526608,-0.056,-0.5767,-15.8812,3.3076
    3pm0_ab_160_BC,5.03621217265444,0.0041,-1.1775,-17.5293,4.065
    3pm0_ab_161_BC,5.04095860767891,0.0689,-0.7293,-18.0244,3.9236
    3pm0_ab_162_BC,8,0.0851,-0.5393,-18.0942,3.2675
    3pm0_ab_163_BC,5.05060999335509,-0.0275,-0.8562,-16.5268,3.4956
    3pm0_ab_164_BC,8,-0.0503,-0.5755,-14.7083,3.0918
    3pm0_ab_165_BC,5.03151705144607,-0.0037,-0.5264,-17.7239,4.0007
    3pm0_ab_166_BC,5.10790539730952,0.0167,-0.8691,-16.9539,3.7224
    3pm0_ab_167_BC,8,0.1236,-1.5463,-18.0694,3.8499
    3pm0_ab_168_BC,8,-0.0642,-1.1263,-16.0329,3.3828
    3pm0_ab_169_BC,8.35654732351381,0.1164,-0.0009,-13.8526,0.6532
    3pm0_ab_170_BC,6.87095494011204,0.1104,-0.0011,-13.8733,0.6648
    3pm0_ab_171_BC,7.04431224968649,-0.017,-0.9646,-13.6568,1.197
    3pm0_ab_172_BC,7.62893213772826,0.0907,-0.0018,-14.482,0.6028
    3pm0_ab_173_BC,7.16685288808722,0.1091,-0.0008,-13.8855,0.5485
    3pm0_ab_174_BC,7.87289520163519,0.1142,-0.0007,-13.908,0.5481
    3pm0_ab_175_BC,7.61439372640169,0.0506,-0.0017,-14.5737,0.6326
    3pm0_ab_176_BC,7.53165266958784,0.0619,-0.0015,-14.5347,0.6311
    3pm0_ab_177_BC,7.41116827440579,0.0582,-0.0032,-12.5199,0.451
    3pm0_ab_178_BC,7.39469495385889,0.0888,-0.0034,-12.6171,0.79
    3pm0_ab_179_BC,7.17979854051436,0.0911,-0.01,-12.7302,0.4706
    3pm0_ab_180_BC,6.2677671197795,0.1108,-0.0006,-12.2484,0.5095
    3pm0_ab_181_BC,8.58502665202918,0.1257,-0.0016,-14.1806,1.3322
    3pm0_ab_182_BC,8.74472749489669,0.0444,-0.923,-13.6335,1.4081
    3pm0_ab_183_BC,7.36251027048749,0.0096,-0.5879,-12.9433,1.7528
    3pm0_ab_184_BC,6.8021683066711,0.0355,-0.4807,-12.39,1.0815
    3pm0_ab_185_BC,7.04479346245806,0.0657,-0.341,-12.7776,1.3565
    3pm0_ab_186_BC,7.08671609823958,0.0191,-0.4756,-12.6905,1.4093
    3pm0_ab_187_BC,7.31596296251348,0.0334,-0.4655,-12.7831,1.4698
    3pm0_ab_188_BC,7.25649023527157,-0.0217,-0.0012,-13.2528,1.206
    3pm0_ab_189_BC,7.33161408331,-0.0344,-0.0005,-13.3158,1.2616
    3pm0_ab_190_BC,7.39577394691553,-0.0535,-0.6049,-13.0629,1.2426
    3pm0_ab_191_BC,7.11407366019857,-0.1632,-1.1444,-12.5319,1.6339
    3pm0_ab_192_BC,7.42250820016278,-0.0351,-0.0045,-13.5389,1.5083
    3pm0_ab_193_BC,6.86966623150499,0.0527,-0.4668,-12.3777,1.4325
    3pm0_ab_194_BC,7.77728352885242,0.0206,-0.472,-12.2971,1.4859
    3pm0_ab_195_BC,7.04479346245806,0.031,-0.4609,-12.3141,1.5329
    3pm0_ab_196_BC,7.28567024025477,-0.1328,-0.6273,-11.9451,1.8071
    3pm0_ab_197_BC,6,-0.1032,-0.5659,-17.4899,3.0959
    3pm0_ab_198_BC,7.01999662841625,0.0208,-0.0008,-12.1981,-0.1584
    3pm0_ab_199_BC,7.28903688100472,0.0093,-0.0004,-13.0067,-0.3334
    3pm0_ab_200_BC,6.94923368876696,-0.0442,-0.8291,-12.4557,0.3517
    3pm0_ab_201_BC,8.30980391997149,-0.0499,-0.4465,-15.4577,1.7484
    3pm0_ab_202_BC,6.82016107197681,0.0309,-0.448,-12.6117,0.8069
    3pm0_ab_203_BC,8.31875876262441,-0.1253,-1.3384,-13.7163,2.2028
    3pm0_ab_204_BC,7.24412514432751,0.0452,-0.0016,-12.5364,0.5502
    3pm0_ab_205_BC,6.98464024459079,0.0341,-0.0014,-12.7534,0.8811
    3pm0_ab_206_BC,7.04720755695591,0.1527,-0.0008,-13.4306,1.0729
    3pm0_ab_207_BC,7.39254497678533,0.1128,-0.001,-13.4909,0.9359
    3pm0_ab_208_BC,7.28483264215154,0.0639,-0.0011,-13.4226,0.7031
    3pm0_ab_211_BC,8.10790539730952,0.0553,-0.0017,-12.3685,0.7542
    3pm0_ab_212_BC,7.97469413473523,0.0317,-0.0017,-12.6311,1.104
    3pm0_ab_213_BC,8.30102999566398,0.0395,-0.0017,-12.6407,1.0944
    3pm0_ab_214_BC,8.0268721464003,0.0259,-0.0015,-13.4,1.1922
    3pm0_ab_215_BC,8.04095860767891,0.0271,-0.0023,-13.396,1.1581
    3pm0_ab_216_BC,7.87614835903291,0.0622,-0.0016,-12.7152,1.1354
    3pm0_ab_217_BC,8.79588001734408,0.0603,-0.0016,-13.3876,0.941
    3pm0_ab_218_BC,7.72584215073632,-0.1359,-0.0832,-15.3249,2.4416
    3pm0_ab_219_BC,8.49485002168009,-0.2128,-0.6014,-13.0121,1.5872
    3pm0_ab_220_BC,7.98296666070122,-0.2003,-0.6032,-13.6009,1.6619
    3pm0_ab_221_BC,8.09691001300806,-0.212,-0.6017,-13.7457,1.6483
    3pm0_ab_222_BC,8.48148606012211,0.0377,-0.0018,-13.1159,1.8014
    3pm0_ab_223_BC,8.65757731917779,0.0243,-0.0017,-13.1152,1.8091
    3pm0_ab_224_BC,8.56863623584101,0.0298,-0.0011,-13.0057,1.7978
    3pm0_ab_225_BC,7.66554624884907,0.0457,-0.0011,-13.5233,1.6369
    3pm0_ab_226_BC,9.30980391997149,0.0249,-0.0017,-13.6425,1.5962
    3pm0_ab_227_BC,8.3767507096021,0.0999,-0.0008,-13.2471,1.2825
    3pm0_ab_228_BC,8.42021640338319,0.0265,-0.5827,-13.2435,1.6616
    3pm0_ab_229_BC,8.13667713987955,0.1154,-0.0005,-13.7249,1.7554
    3pm0_ab_230_BC,7.82973828460504,0.0769,-1.0273,-12.7896,1.7407
    3pm0_ab_231_BC,9.2839966563652,0.0319,-0.0017,-14.1778,2.0997
    3pm0_ab_232_BC,8.38721614328026,0.0138,-0.0016,-14.3986,1.9283
    3pm0_ab_233_BC,8.3767507096021,0.0468,-0.0016,-13.8942,1.4545
    3pm0_ab_234_BC,8.2518119729938,-0.0014,-0.0023,-13.2062,2.0861
    3pm0_ab_235_BC,8.29242982390206,-0.0102,-0.5967,-15.306,2.5556
    3pm0_ab_236_BC,8.49485002168009,0.0195,-0.5782,-14.1206,1.7969
    3pm0_ab_237_BC,7.31515463835559,0.1488,-0.0005,-14.7658,1.3125
    3pm0_ab_238_BC,7.19517932127884,-0.3935,-0.0001,-13.4523,2.5381
    3pm0_ab_239_BC,7.60906489289662,-0.0586,-0.0021,-16.4747,2.5114
    3pm0_ab_240_BC,7.32148162095989,-0.4093,-0.0002,-13.7734,2.6092
    3pm0_ab_241_BC,8.69897000433602,0.0099,-0.0019,-16.0825,2.2734
    3pm0_ab_242_BC,8.45593195564972,0.0193,-0.0018,-12.776,1.8743
    3pm0_ab_243_BC,8.20760831050175,0.1241,-0.584,-12.0938,1.5677
    3pm0_ab_244_BC,8.03151705144606,0.0079,-0.0018,-12.8235,1.9604
    3pm0_ab_245_BC,8.38721614328026,-0.0049,-0.0016,-15.4853,2.5152
    3pm0_ab_246_BC,8.85387196432176,-0.0499,-0.1758,-15.8545,2.997
    3pm0_ab_247_BC,9.39794000867204,-0.0178,-0.0271,-15.9607,2.8915
    3pm0_ab_248_BC,8.67778070526608,-0.0927,-0.0805,-16.6207,3.2591
    3pm0_ab_249_BC,5,-0.0121,-0.8534,-13.5798,2.5799
    3pm0_ab_250_BC,5,-0.0406,-0.9754,-15.2381,2.4648
    3pm0_ab_251_BC,5,-0.0562,-0.9279,-15.9806,2.3086
    3pm0_ab_252_BC,5,-0.0737,-0.0039,-17.2579,2.2198
    3pm0_ab_257_BC,8.74472749489669,0.0071,-0.0016,-15.4339,2.4943
    3pm0_ab_258_BC,8.67778070526608,-0.0071,-0.0068,-15.7945,2.8746
    3pm0_ab_259_BC,8.82390874094432,0.0832,-0.003,-16.684,2.8189
    3pm0_ab_260_BC,7.94309514866353,-0.0608,-0.591,-17.8338,3.0246
    3pm0_ab_283_BC,9.02227639471115,0.0239,-0.1217,-8.8998,2.4853
    3pm0_ab_284_BC,7.80687540164554,-0.0052,-0.0755,-4.1218,2.7518
    3pm0_ab_285_BC,8.69897000433602,-0.0004,-0.2234,-6.9383,2.5951
    3pm0_ab_288_BC,6.72262002533275,0.0615,-0.0041,-13.1098,2.9805
    3pm0_ab_289_BC,8.38721614328026,-0.0722,-0.5372,-11.6119,2.4911
    3pm0_ab_290_BC,9.06048074738138,-0.0112,-0.0613,-11.0871,2.7502
    3pm0_ab_291_BC,8.92081875395238,-0.0032,-0.0055,-10.9328,2.765
    3pm0_ab_292_BC,8.31875876262441,-0.0234,-0.0156,-10.6462,2.3498
    3pm0_ab_293_BC,8.58502665202918,-0.0214,-0.0162,-10.8924,2.7723
    3pm0_ab_294_BC,8.69897000433602,0.0007,-0.0293,-11.3079,2.8157
    3pm0_ab_295_BC,9,-0.0274,-0.031,-10.6901,2.8447
    3pm0_ab_296_BC,9.00877392430751,-0.1161,-0.0166,-9.1709,3.0714
    3pm0_ab_297_BC,8.95860731484177,0.0082,-0.0528,-5.5415,2.8331
    3pm0_ab_298_BC,8.88605664769316,-0.0771,-0.015,-7.9881,2.6524
    3pm0_ab_299_BC,7.64016451766011,-0.0724,-0.0181,-9.273,3.387
    3pm0_ab_300_BC,7.52143350440616,-0.1253,-0.2347,-6.7049,4.3697
    3pm0_ab_301_BC,7.98716277529483,-0.0909,-0.0177,-9.4451,3.361
    3pm0_ab_302_BC,9.00877392430751,0.0974,-1.0269,-7.635,3.6209
    3pm0_ab_303_BC,6.18157614490792,0.008,-0.6092,-8.9075,3.4517
    3pm0_ab_304_BC,6,0.0233,-0.3031,-11.2405,3.3128
    3pm0_ab_305_BC,6.75646589816794,0.0156,-0.495,-11.1809,3.3512
    3pm0_ab_306_BC,7.1944991418416,-0.0989,-0.0218,-8.6965,2.6558
    3pm0_ab_307_BC,8.92081875395238,0.0298,-0.0095,-9.1776,2.8773
    3pm0_ab_308_BC,9.03151705144606,-0.053,-0.0193,-8.8173,2.9812
    3pm0_ab_309_BC,8.95860731484177,0.002,-0.0578,-7.1738,2.8041
    3pm0_ab_310_BC,9.33724216831843,0.0718,-0.0283,-7.6569,2.7959
    3pm0_ab_311_BC,7.21112488422458,-0.0465,-0.0168,-8.2351,3.2722
    3pm0_ab_312_BC,7.68613277963085,-0.0325,-0.0186,-8.2678,3.3595
    3pm0_ab_313_BC,7.60554831917378,0.0543,-0.5904,-9.9752,3.0167
    3pm0_ab_314_BC,9.22184874961636,0.0129,-0.0117,-9.8292,2.7095
    3pm0_ab_315_BC,8.18708664335714,-0.0923,-0.0202,-9.3236,3.2313
    3pm0_ab_316_BC,8.11350927482752,-0.1035,-0.0158,-9.621,3.1605
    3pm0_ab_317_BC,8.92081875395238,-0.0759,-0.0161,-9.203,2.4787
    3pm0_ab_318_BC,9.42021640338319,-0.051,-0.0059,-9.411,2.8636
    3pm0_ab_319_BC,9.52287874528034,-0.1137,-0.017,-9.1006,2.6363
    3pm0_ab_320_BC,9.85387196432176,-0.0047,-0.1093,-5.3862,2.7865
    3pm0_ab_321_BC,9.07572071393812,-0.1338,-0.0131,-9.1759,2.7217
    3pm0_ab_322_BC,10.1549019599857,0.1692,-0.0165,-9.2069,3.1777
    3pm0_ab_323_BC,8.88605664769316,0.0013,-0.1243,-2.95,2.7346
    3pm0_ab_324_BC,8.22184874961636,0.0618,-0.8562,-6.8466,3.5617
    3pm0_ab_356_BC,7.82390874094432,0.0233,-0.0003,-13.2049,0.8655
    3pm0_ab_361_BC,4.44369749923271,-0.0318,-0.4038,-12.0472,1.3476
    3pm0_ab_362_BC,4.55284196865778,-0.0522,-0.0147,-12.1094,1.2851
    3pm0_ab_363_BC,3.82681373158773,-0.0489,-0.0116,-12.0359,1.2895
    3pm0_ab_364_BC,6,-0.3146,-3.126,-2.4428,4.6593
    3pm0_ab_365_BC,6.22914798835786,0.0635,-1.2359,-11.7745,2.6089
    3pm0_ab_366_BC,7.25963731050576,-0.0135,-0.5987,-12.5474,1.2604
    3pm0_ab_367_BC,7.07572071393812,-0.0247,-0.5582,-13.5823,1.6431
    3pm0_ab_368_BC,6.95860731484177,-0.0656,-0.5003,-13.6519,1.6541
    3pm0_ab_369_BC,7.16115090926274,-0.0178,-0.5837,-12.4646,1.224
    3pm0_ab_370_BC,7.14874165128092,-0.0454,-0.135,-12.9381,1.2843
    3pm0_ab_371_BC,6.76955107862173,-0.0252,-0.602,-13.8187,2.5381
    3pm0_ab_372_BC,6.85387196432176,-0.0118,-0.594,-12.9437,1.5315
    3pm0_ab_373_BC,6.61978875828839,0.0181,-0.1033,-14.2005,2.035
    3pm0_ab_374_BC,7.09691001300806,0.0663,-0.5228,-14.36,3.08
    3pm0_ab_375_BC,6.79588001734408,0.0163,-0.5808,-14.8389,2.2527
    3pm0_ab_376_BC,6.85387196432176,-0.077,-0.004,-12.4721,1.9852
    3pm0_ab_377_BC,7.43179827593301,-0.0049,-0.5983,-13.3173,2.0313
    3pm0_ab_378_BC,7.04575749056068,-0.0123,-0.5703,-13.0465,1.577
    3pm0_ab_379_BC,6.92081875395238,-0.0064,-0.4626,-13.3321,1.5089
    3pm0_ab_380_BC,6.16115090926274,-0.0002,-0.0967,-11.0396,1.1169
    3pm0_ab_381_BC,6.48148606012211,-0.0096,-0.4934,-12.7239,1.4628
    3pm0_ab_388_BC,4.63827216398241,-0.2989,-1.3792,-9.9083,2.2566
    3pm0_ab_389_BC,5.04575749056068,-0.0915,-1.0872,-11.0087,2.3626
    3pm0_ab_390_BC,6,-0.0648,-1.3459,-10.2398,1.7682
    3pm0_ab_391_BC,4.46852108295774,-0.2617,-1.9654,-10.3662,2.4988
    3pm0_ab_392_BC,6.39794000867204,-0.0824,-0.931,-11.2532,1.8443
    3pm0_ab_393_BC,8.22184874961636,-0.0593,-0.575,-12.8252,1.9761
    3pm0_ab_394_BC,5.49485002168009,-0.159,-0.4317,-13.7929,2.6417
    3pm0_ab_395_BC,4.75448733218585,-0.0355,-0.3571,-12.5845,2.0642
    3pm0_ab_396_BC,8.69897000433602,-0.0833,-0.4658,-12.5377,1.9404
    3pm0_ab_397_BC,6.52287874528034,-0.0469,-0.557,-10.608,0.7065
    3pm0_ab_398_BC,5.95860731484177,-0.0967,-0.4719,-12.018,1.2826
    3pm0_ab_399_BC,6,-0.0518,-0.2616,-12.7317,1.6291
    3pm0_ab_400_BC,7,-0.0466,-1.4187,-11.1345,2.3865
    3pm0_ab_401_BC,8.52287874528034,-0.0583,-1.7545,-11.7469,2.9631
    3pm0_ab_402_BC,7.72124639904717,-0.1033,-1.4999,-12.9607,3.2113
    3pm0_ab_403_BC,8.15490195998574,-0.1271,-1.5218,-11.9096,2.8165
    3pm0_ab_404_BC,7.82390874094432,0.0267,-0.0017,-12.8934,1.5104
    3pm0_ab_405_BC,7.82390874094432,-0.011,-0.0085,-12.165,1.2257
    3pm0_ab_406_BC,7.43179827593301,0.0016,-0.0057,-12.726,1.9411
    3pm0_ab_407_BC,8.25963731050576,-0.032,-0.3801,-13.2062,2.5216
    3pm0_ab_408_BC,7.53760200210104,-0.0301,-0.0162,-12.0494,0.7554
    3pm0_ab_409_BC,7.49485002168009,0.0206,-0.0096,-11.9829,1.6144
    3pm0_ab_410_BC,5.05109823902979,-0.1162,-0.5473,-16.7761,2.9174
    3pm0_ab_411_BC,5.1444808443322,-0.0793,-0.5433,-15.4203,1.7152
    3pm0_ab_412_BC,4.85387196432176,-0.1197,-1.6765,-10.3057,2.1272
    3pm0_ab_413_BC,7.25963731050576,-0.0611,-0.4762,-12.4564,1.7866
    3pm0_ab_414_BC,7.07572071393812,-0.0453,-0.4596,-13.5511,1.6085
    3pm0_ab_415_BC,6.95860731484177,-0.063,-0.6386,-13.7172,1.6703
    3pm0_ab_416_BC,7.14874165128092,-0.0052,-0.9729,-13.114,2.2703
    3pm0_ab_417_BC,7.61978875828839,-0.1057,-0.3512,-14.3834,2.2507
    3pm0_ab_418_BC,6.79588001734408,-0.083,-0.2858,-14.4688,2.1151
    3pm0_ab_419_BC,7.0268721464003,-0.0753,-0.0015,-14.4904,2.8154
    3pm0_ab_420_BC,4.4294570601181,-0.0379,-0.0029,-14.6919,2.7005
    3pm0_ab_421_BC,5.76700388960785,-0.0844,-0.5579,-14.0736,2.7767
    3pm0_ab_423_BC,6.82390874094432,0.0018,-0.532,-13.1306,0.9989
    3pm0_ab_424_BC,7.67778070526608,0.0374,-0.4587,-11.763,0.9389
    3pm0_ab_425_BC,8.69897000433602,-0.0443,-0.4536,-10.8309,1.4448
    3pm0_ab_426_BC,5.18708664335714,-0.1075,-0.1074,-13.8503,2.7158
    3pm0_ab_427_BC,7.60205999132796,-0.0603,-1.7048,-11.7615,2.959
    3pm0_ab_428_BC,7.76955107862173,-0.0943,-1.4964,-11.865,2.7824
    3pm0_ab_429_BC,7.61978875828839,-0.1429,-1.5556,-13.0159,3.8381
    3pm0_ab_430_BC,7.60205999132796,-0.0895,-1.4578,-11.3146,2.9308
    3pm0_ab_431_BC,7.53760200210104,-0.0816,-1.3695,-12.4339,3.2984
    3pm0_ab_432_BC,7.32790214206428,-0.1457,-1.5741,-11.9775,3.4976
    3pm0_ab_433_BC,7.11350927482752,-0.2026,-2.1531,-12.3117,4.1178
    3pm0_ab_434_BC,7.10237290870956,-0.3231,-1.6705,-11.9383,3.5993
    3pm0_ab_435_BC,5.55752023093555,-0.2161,-2.1551,-12.9838,4.6685
    3pm0_ab_436_BC,5.35654732351381,-0.1798,-0.9148,-11.5812,2.7804
    3pm0_ab_437_BC,5.20760831050175,-0.141,-0.723,-11.0556,2.2544
    3pm0_ab_438_BC,5.67778070526608,0.0204,-0.3829,-11.3827,0.0631
    3pm0_ab_439_BC,4.27984069659404,-0.261,-1.0709,-15.5548,2.665
    3pm0_ab_444_BC,6.04575749056068,-0.0908,-0.972,-11.036,2.0632
    3pm0_ab_445_BC,5.68613277963085,-0.0859,-0.6076,-11.5881,1.853
    3pm0_ab_446_BC,5.22184874961636,-0.068,-0.583,-12.8608,1.9928
    3pm0_ab_447_BC,5.48148606012211,-0.1069,-0.0021,-14.429,2.6347
    3pm0_ab_448_BC,5.75202673363819,-0.0832,-0.5103,-12.5968,1.9948
    3pm0_ab_451_BC,6.22184874961636,-0.0241,-0.5837,-9.5317,1.1362
    3pm0_ab_452_BC,7.04575749056068,-0.0238,-0.5837,-9.5234,1.1319
    3pm0_ab_453_BC,6.69897000433602,-0.0433,-0.5397,-10.5964,1.7591
    3pm0_ab_454_BC,6.60205999132796,0.0055,-0.9992,-10.6047,1.8406
    3pm0_ab_455_BC,4.70553377383841,-0.0916,-1.5181,-12.5102,3.4161
    3pm0_ab_456_BC,4.45593195564972,-0.1031,-1.0734,-14.2553,3.6359
    3pm0_ab_457_BC,5.30102999566398,-0.1123,-1.0772,-11.8138,2.9166
    3pm0_ab_458_BC,5.22184874961636,-0.0095,-0.4257,-10.4613,2.5064
    3pm0_ab_459_BC,6,0.093,-0.5653,-11.1129,2.0032
    3pm0_ab_460_BC,6.15490195998574,0.0248,-1.9548,-10.9091,2.4601
    3pm0_ab_461_BC,6.30102999566398,0.1271,-1.4212,-10.4479,1.8965
    3pm0_ab_462_BC,5.38721614328026,-0.1184,-0.8472,-14.7992,3.2839
    3pm0_ab_463_BC,5.00436480540245,-0.0787,-1.1483,-13.3799,2.9682
    3pm0_ab_467_BC,5.46852108295774,-0.0639,-0.4082,-11.4333,0.0561
    3pm0_ab_468_BC,6.85387196432176,-0.0617,-1.2691,-12.7439,2.0174
